max_depth,None,2,3,4,5,6,7
Accuracy,0.8532608695652174,0.8532608695652174,0.8532608695652174,0.8532608695652174,0.8532608695652174,0.8532608695652174,0.8532608695652174
