max_depth,None,2,3,4,5,6,7
Accuracy,0.8260869565217391,0.8586956521739131,0.8532608695652174,0.8695652173913043,0.8695652173913043,0.8586956521739131,0.8532608695652174
