Type,None,2,3,4,5,6,7
Accuracy,1.0,0.9710144927536232,0.9710144927536232,1.0,0.9855072463768116,0.9855072463768116,1.0
